name,batting_name,fielding_name,img_url,dob,batting_style,bowling_style
Ruturaj Gaikwad,RD Gaikwad,Gaikwad,"https://img1.hscicdn.com/image/upload/f_auto,t_ds_square_w_640,q_50/lsci/db/PICTURES/CMS/322200/322236.png",1997-01-31,right-hand bat,right-arm offbreak
Moeen Ali,MM Ali,Ali,"https://img1.hscicdn.com/image/upload/f_auto,t_ds_square_w_640,q_50/lsci/db/PICTURES/CMS/316500/316557.png",1987-06-18,left-hand bat,right-arm offbreak
Aravelly Avanish,Aravelly Avanish,Aravelly Avanish,"https://img1.hscicdn.com/image/upload/f_auto,t_ds_square_w_640,q_50/lsci/db/PICTURES/CMS/379000/379037.4.jpg",2005-06-02,left-hand bat,Na
Deepak Chahar,DL Chahar,Chahar,"https://img1.hscicdn.com/image/upload/f_auto,t_ds_square_w_640,q_50/lsci/db/PICTURES/CMS/322700/322704.png",1992-08-07,right-hand bat,right-arm medium
Tushar Deshpande,TU Deshpande,Deshpande,"https://img1.hscicdn.com/image/upload/f_auto,t_ds_square_w_640,q_50/lsci/db/PICTURES/CMS/339100/339160.png",1995-05-15,left-hand bat,right-arm medium
MS Dhoni,MS Dhoni,Dhoni,"https://img1.hscicdn.com/image/upload/f_auto,t_ds_square_w_640,q_50/lsci/db/PICTURES/CMS/319900/319946.png",1981-07-07,right-hand bat,right-arm medium
Shivam Dube,S Dube,Dube,"https://img1.hscicdn.com/image/upload/f_auto,t_ds_square_w_640,q_50/lsci/db/PICTURES/CMS/322700/322703.png",1993-06-26,left-hand bat,right-arm medium
Richard Gleeson,RJ Gleeson,Gleeson,"https://img1.hscicdn.com/image/upload/f_auto,t_ds_square_w_640,q_50/lsci/db/PICTURES/CMS/324200/324238.png",1987-12-02,right-hand bat,right-arm fast-medium
Rajvardhan Hangargekar,RS Hangargekar,Hangargekar,"https://img1.hscicdn.com/image/upload/f_auto,t_ds_square_w_640,q_50/lsci/db/PICTURES/CMS/339100/339157.png",2002-11-10,right-hand bat,right-arm fast-medium
Ravindra Jadeja,RA Jadeja,Jadeja,"https://img1.hscicdn.com/image/upload/f_auto,t_ds_square_w_640,q_50/lsci/db/PICTURES/CMS/316600/316600.png",1988-12-06,left-hand bat,slow left-arm orthodox
Ajay Mandal,AJ Mandal,Mandal,"https://img1.hscicdn.com/image/upload/f_auto,t_ds_square_w_640,q_50/lsci/db/PICTURES/CMS/314900/314902.jpg",1996-02-25,left-hand bat,slow left-arm orthodox
Daryl Mitchell,DJ Mitchell,Mitchell,"https://img1.hscicdn.com/image/upload/f_auto,t_ds_square_w_640,q_50/lsci/db/PICTURES/CMS/321200/321212.png",1991-05-20,right-hand bat,right-arm medium
Mukesh Choudhary,Mukesh Choudhary,Mukesh Choudhary,"https://img1.hscicdn.com/image/upload/f_auto,t_ds_square_w_640,q_50/lsci/db/PICTURES/CMS/356800/356834.1.png",1996-07-06,left-hand bat,left-arm medium
Mustafizur Rahman,Mustafizur Rahman,Mustafizur Rahman,"https://img1.hscicdn.com/image/upload/f_auto,t_ds_square_w_640,q_50/lsci/db/PICTURES/CMS/319700/319734.png",1995-09-06,left-hand bat,left-arm fast-medium
Matheesha Pathirana,M Pathirana,Pathirana,"https://img1.hscicdn.com/image/upload/f_auto,t_ds_square_w_640,q_50/lsci/db/PICTURES/CMS/355400/355402.png",2002-12-18,right-hand bat,right-arm fast
Ajinkya Rahane,AM Rahane,Rahane,"https://img1.hscicdn.com/image/upload/f_auto,t_ds_square_w_640,q_50/lsci/db/PICTURES/CMS/316600/316620.png",1988-06-06,right-hand bat,right-arm medium
Shaik Rasheed,SK Rasheed,Rasheed,"https://img1.hscicdn.com/image/upload/f_auto,t_ds_square_w_640,q_50/lsci/db/PICTURES/CMS/345000/345086.png",2004-09-24,right-hand bat,legbreak
Rachin Ravindra,R Ravindra,Ravindra,"https://img1.hscicdn.com/image/upload/f_auto,t_ds_square_w_640,q_50/lsci/db/PICTURES/CMS/329700/329746.png",1999-11-18,left-hand bat,slow left-arm orthodox
Sameer Rizvi,Sameer Rizvi,Sameer Rizvi,"https://img1.hscicdn.com/image/upload/f_auto,t_ds_square_w_640,q_50/lsci/db/PICTURES/CMS/378000/378091.1.png",2003-12-06,right-hand bat,right-arm offbreak
Mitchell Santner,MJ Santner,Santner,"https://img1.hscicdn.com/image/upload/f_auto,t_ds_square_w_640,q_50/lsci/db/PICTURES/CMS/319700/319792.png",1992-02-05,left-hand bat,slow left-arm orthodox
Simarjeet Singh,Simarjeet Singh,Simarjeet Singh,"https://img1.hscicdn.com/image/upload/f_auto,t_ds_square_w_640,q_50/lsci/db/PICTURES/CMS/356800/356835.1.png",1998-01-17,right-hand bat,right-arm medium-fast
Nishant Sindhu,N Sindhu,Sindhu,"https://img1.hscicdn.com/image/upload/f_auto,t_ds_square_w_640,q_50/lsci/db/PICTURES/CMS/345000/345097.png",2004-04-09,left-hand bat,slow left-arm orthodox
Prashant Solanki,PH Solanki,Solanki,"https://img1.hscicdn.com/image/upload/f_auto,t_ds_square_w_640,q_50/lsci/db/PICTURES/CMS/356800/356836.1.png",2000-02-22,right-hand bat,legbreak
Shardul Thakur,SN Thakur,Thakur,"https://img1.hscicdn.com/image/upload/f_auto,t_ds_square_w_640,q_50/lsci/db/PICTURES/CMS/322600/322696.png",1991-10-16,right-hand bat,right-arm medium
Maheesh Theekshana,M Theekshana,Theekshana,"https://img1.hscicdn.com/image/upload/f_auto,t_ds_square_w_640,q_50/lsci/db/PICTURES/CMS/347800/347825.png",2000-08-01,right-hand bat,right-arm offbreak
Devon Conway,DP Conway,Conway,"https://img1.hscicdn.com/image/upload/f_auto,t_ds_square_w_640,q_50/lsci/db/PICTURES/CMS/321200/321214.png",1991-07-08,left-hand bat,right-arm medium
Rishabh Pant,RR Pant,Pant,"https://img1.hscicdn.com/image/upload/f_auto,t_ds_square_w_640,q_50/lsci/db/PICTURES/CMS/323000/323036.png",1997-10-04,left-hand bat,Na
Abishek Porel,Abishek Porel,Abishek Porel,"https://img1.hscicdn.com/image/upload/f_auto,t_ds_square_w_640,q_50/lsciNone",2002-10-17,left-hand bat,Na
Khaleel Ahmed,KK Ahmed,Ahmed,"https://img1.hscicdn.com/image/upload/f_auto,t_ds_square_w_640,q_50/lsci/db/PICTURES/CMS/322200/322268.png",1997-12-05,right-hand bat,left-arm fast-medium
Ricky Bhui,RK Bhui,Bhui,"https://img1.hscicdn.com/image/upload/f_auto,t_ds_square_w_640,q_50/lsci/db/PICTURES/CMS/314800/314834.jpg",1996-09-29,right-hand bat,legbreak googly
Swastik Chikara,SS Chikara,Chikara,"https://img1.hscicdn.com/image/upload/f_auto,t_ds_square_w_640,q_50/lsciNone",2005-04-03,right-hand bat,right-arm offbreak
Yash Dhull,YV Dhull,Dhull,"https://img1.hscicdn.com/image/upload/f_auto,t_ds_square_w_640,q_50/lsci/db/PICTURES/CMS/339100/339162.png",2002-11-11,right-hand bat,right-arm offbreak
Praveen Dubey,P Dubey,Dubey,"https://img1.hscicdn.com/image/upload/f_auto,t_ds_square_w_640,q_50/lsci/db/PICTURES/CMS/310700/310753.jpg",1993-07-01,right-hand bat,legbreak googly
Jake Fraser-McGurk,J Fraser-McGurk,Fraser-McGurk,"https://img1.hscicdn.com/image/upload/f_auto,t_ds_square_w_640,q_50/lsci/db/PICTURES/CMS/299800/299893.1.jpg",2002-04-11,right-hand bat,legbreak googly
Shai Hope,SD Hope,Hope,"https://img1.hscicdn.com/image/upload/f_auto,t_ds_square_w_640,q_50/lsci/db/PICTURES/CMS/320100/320122.png",1993-11-10,right-hand bat,Na
Kuldeep Yadav,Kuldeep Yadav,Kuldeep Yadav,"https://img1.hscicdn.com/image/upload/f_auto,t_ds_square_w_640,q_50/lsci/db/PICTURES/CMS/319900/319943.png",1994-12-14,left-hand bat,left-arm wrist-spin
Kumar Kushagra,K Kushagra,Kushagra,"https://img1.hscicdn.com/image/upload/f_auto,t_ds_square_w_640,q_50/lsci/db/PICTURES/CMS/378100/378131.1.png",2004-10-23,right-hand bat,Na
Lalit Yadav,Lalit Yadav,Lalit Yadav,"https://img1.hscicdn.com/image/upload/f_auto,t_ds_square_w_640,q_50/lsci/db/PICTURES/CMS/339100/339152.png",1997-01-03,right-hand bat,right-arm offbreak
Mitchell Marsh,MR Marsh,Marsh,"https://img1.hscicdn.com/image/upload/f_auto,t_ds_square_w_640,q_50/lsci/db/PICTURES/CMS/316600/316612.png",1991-10-20,right-hand bat,right-arm medium
Mukesh Kumar,Mukesh Kumar,Mukesh Kumar,"https://img1.hscicdn.com/image/upload/f_auto,t_ds_square_w_640,q_50/lsci/db/PICTURES/CMS/373900/373907.png",1993-10-12,right-hand bat,right-arm medium
Anrich Nortje,A Nortje,Nortje,"https://img1.hscicdn.com/image/upload/f_auto,t_ds_square_w_640,q_50/lsci/db/PICTURES/CMS/322000/322080.png",1993-11-16,right-hand bat,right-arm fast
Vicky Ostwal,VK Ostwal,Ostwal,"https://img1.hscicdn.com/image/upload/f_auto,t_ds_square_w_640,q_50/lsci/db/PICTURES/CMS/339100/339161.png",2002-09-01,right-hand bat,slow left-arm orthodox
Axar Patel,AR Patel,Patel,"https://img1.hscicdn.com/image/upload/f_auto,t_ds_square_w_640,q_50/lsci/db/PICTURES/CMS/331100/331164.png",1994-01-20,left-hand bat,slow left-arm orthodox
Rasikh Salam,Rasikh Salam,Rasikh Salam,"https://img1.hscicdn.com/image/upload/f_auto,t_ds_square_w_640,q_50/lsci/db/PICTURES/CMS/341000/341040.png",2000-04-05,right-hand bat,right-arm medium
Jhye Richardson,JA Richardson,Richardson,"https://img1.hscicdn.com/image/upload/f_auto,t_ds_square_w_640,q_50/lsci/db/PICTURES/CMS/321500/321591.png",1996-09-20,right-hand bat,right-arm fast
Ishant Sharma,I Sharma,Sharma,"https://img1.hscicdn.com/image/upload/f_auto,t_ds_square_w_640,q_50/lsci/db/PICTURES/CMS/316600/316602.png",1988-09-02,right-hand bat,right-arm fast-medium
Prithvi Shaw,PP Shaw,Shaw,"https://img1.hscicdn.com/image/upload/f_auto,t_ds_square_w_640,q_50/lsci/db/PICTURES/CMS/322600/322622.png",1999-11-09,right-hand bat,right-arm offbreak
Tristan Stubbs,T Stubbs,Stubbs,"https://img1.hscicdn.com/image/upload/f_auto,t_ds_square_w_640,q_50/lsci/db/PICTURES/CMS/348500/348577.png",2000-08-14,right-hand bat,right-arm offbreak
Sumit Kumar,Sumit Kumar,Sumit Kumar,"https://img1.hscicdn.com/image/upload/f_auto,t_ds_square_w_640,q_50/lsciNone",1995-12-12,right-hand bat,right-arm medium-fast
David Warner,DA Warner,Warner,"https://img1.hscicdn.com/image/upload/f_auto,t_ds_square_w_640,q_50/lsci/db/PICTURES/CMS/316500/316589.png",1986-10-27,left-hand bat,legbreak
Lizaad Williams,LB Williams,Williams,"https://img1.hscicdn.com/image/upload/f_auto,t_ds_square_w_640,q_50/lsci/db/PICTURES/CMS/329700/329749.png",1993-10-01,left-hand bat,right-arm medium-fast
Harry Brook,HC Brook,Brook,"https://img1.hscicdn.com/image/upload/f_auto,t_ds_square_w_640,q_50/lsci/db/PICTURES/CMS/324200/324246.png",1999-02-22,right-hand bat,right-arm medium
Lungi Ngidi,L Ngidi,Ngidi,"https://img1.hscicdn.com/image/upload/f_auto,t_ds_square_w_640,q_50/lsci/db/PICTURES/CMS/322000/322069.png",1996-03-29,right-hand bat,right-arm fast-medium
Shubman Gill,Shubman Gill,Shubman Gill,"https://img1.hscicdn.com/image/upload/f_auto,t_ds_square_w_640,q_50/lsci/db/PICTURES/CMS/322600/322697.png",1999-09-08,right-hand bat,right-arm offbreak
Azmatullah Omarzai,Azmatullah Omarzai,Azmatullah Omarzai,"https://img1.hscicdn.com/image/upload/f_auto,t_ds_square_w_640,q_50/lsci/db/PICTURES/CMS/375400/375447.png",2000-03-24,right-hand bat,right-arm medium-fast
Spencer Johnson,SH Johnson,Johnson,"https://img1.hscicdn.com/image/upload/f_auto,t_ds_square_w_640,q_50/lsci/db/PICTURES/CMS/374500/374591.1.png",1995-12-16,left-hand bat,left-arm fast
Kartik Tyagi,Kartik Tyagi,Kartik Tyagi,"https://img1.hscicdn.com/image/upload/f_auto,t_ds_square_w_640,q_50/lsci/db/PICTURES/CMS/339100/339150.png",2000-11-08,right-hand bat,right-arm fast
Josh Little,JB Little,Little,"https://img1.hscicdn.com/image/upload/f_auto,t_ds_square_w_640,q_50/lsci/db/PICTURES/CMS/367800/367860.png",1999-11-01,right-hand bat,left-arm fast-medium
Abhinav Manohar,A Manohar,Manohar,"https://img1.hscicdn.com/image/upload/f_auto,t_ds_square_w_640,q_50/lsciNone",1994-09-16,right-hand bat,legbreak googly
David Miller,DA Miller,Miller,"https://img1.hscicdn.com/image/upload/f_auto,t_ds_square_w_640,q_50/lsci/db/PICTURES/CMS/316600/316655.png",1989-06-10,left-hand bat,right-arm offbreak
Sushant Mishra,SS Mishra,Mishra,"https://img1.hscicdn.com/image/upload/f_auto,t_ds_square_w_640,q_50/lsciNone",2000-12-23,left-hand bat,left-arm medium-fast
Darshan Nalkande,DG Nalkande,Nalkande,"https://img1.hscicdn.com/image/upload/f_auto,t_ds_square_w_640,q_50/lsci/db/PICTURES/CMS/357400/357411.1.jpg",1998-10-04,right-hand bat,right-arm fast-medium
Noor Ahmad,Noor Ahmad,Noor Ahmad,"https://img1.hscicdn.com/image/upload/f_auto,t_ds_square_w_640,q_50/lsci/db/PICTURES/CMS/372500/372590.1.png",2005-01-03,right-hand bat,left-arm wrist-spin
Rashid Khan,Rashid Khan,Rashid Khan,"https://img1.hscicdn.com/image/upload/f_auto,t_ds_square_w_640,q_50/lsci/db/PICTURES/CMS/320500/320506.png",1998-09-20,right-hand bat,legbreak googly
Wriddhiman Saha,WP Saha,Saha,"https://img1.hscicdn.com/image/upload/f_auto,t_ds_square_w_640,q_50/lsci/db/PICTURES/CMS/323000/323033.png",1984-10-24,right-hand bat,Na
Sai Kishore,R Sai Kishore,Sai Kishore,"https://img1.hscicdn.com/image/upload/f_auto,t_ds_square_w_640,q_50/lsci/db/PICTURES/CMS/362500/362558.4.jpg",1996-11-06,left-hand bat,slow left-arm orthodox
Sai Sudharsan,B Sai Sudharsan,Sai Sudharsan,"https://img1.hscicdn.com/image/upload/f_auto,t_ds_square_w_640,q_50/lsci/db/PICTURES/CMS/361800/361891.1.png",2001-10-15,left-hand bat,legbreak
Sandeep Warrier,S Sandeep Warrier,Sandeep Warrier,"https://img1.hscicdn.com/image/upload/f_auto,t_ds_square_w_640,q_50/lsci/db/PICTURES/CMS/359700/359763.png",1991-04-04,right-hand bat,right-arm medium
M Shahrukh Khan,M Shahrukh Khan,Shahrukh Khan,"https://img1.hscicdn.com/image/upload/f_auto,t_ds_square_w_640,q_50/lsci/db/PICTURES/CMS/359700/359756.png",1995-05-27,right-hand bat,right-arm offbreak
Vijay Shankar,V Shankar,Shankar,"https://img1.hscicdn.com/image/upload/f_auto,t_ds_square_w_640,q_50/lsci/db/PICTURES/CMS/322600/322613.png",1991-01-26,right-hand bat,right-arm medium
BR Sharath,BR Sharath,Sharath,"https://img1.hscicdn.com/image/upload/f_auto,t_ds_square_w_640,q_50/lsciNone",1996-09-28,right-hand bat,Na
Mohit Sharma,MM Sharma,Sharma,"https://img1.hscicdn.com/image/upload/f_auto,t_ds_square_w_640,q_50/lsci/db/PICTURES/CMS/316700/316702.png",1988-09-18,right-hand bat,right-arm medium
Manav Suthar,MJ Suthar,Suthar,"https://img1.hscicdn.com/image/upload/f_auto,t_ds_square_w_640,q_50/lsci/db/PICTURES/CMS/286100/286141.1.jpg",2002-08-03,left-hand bat,slow left-arm orthodox
Rahul Tewatia,R Tewatia,Tewatia,"https://img1.hscicdn.com/image/upload/f_auto,t_ds_square_w_640,q_50/lsci/db/PICTURES/CMS/322200/322269.png",1993-05-20,left-hand bat,legbreak
Matthew Wade,MS Wade,Wade,"https://img1.hscicdn.com/image/upload/f_auto,t_ds_square_w_640,q_50/lsci/db/PICTURES/CMS/316500/316594.png",1987-12-26,left-hand bat,right-arm medium
Kane Williamson,KS Williamson,Williamson,"https://img1.hscicdn.com/image/upload/f_auto,t_ds_square_w_640,q_50/lsci/db/PICTURES/CMS/316600/316618.png",1990-08-08,right-hand bat,right-arm offbreak
Jayant Yadav,J Yadav,Yadav,"https://img1.hscicdn.com/image/upload/f_auto,t_ds_square_w_640,q_50/lsci/db/PICTURES/CMS/322500/322553.png",1990-01-22,right-hand bat,right-arm offbreak
Umesh Yadav,UT Yadav,Yadav,"https://img1.hscicdn.com/image/upload/f_auto,t_ds_square_w_640,q_50/lsci/db/PICTURES/CMS/316600/316667.png",1987-10-25,right-hand bat,right-arm fast
Robin Minz,R Minz,Minz,"https://img1.hscicdn.com/image/upload/f_auto,t_ds_square_w_640,q_50/lsciNone",2002-09-13,left-hand bat,slow left-arm orthodox
Mohammed Shami,Mohammed Shami,Mohammed Shami,"https://img1.hscicdn.com/image/upload/f_auto,t_ds_square_w_640,q_50/lsci/db/PICTURES/CMS/316600/316691.png",1990-09-03,right-hand bat,right-arm fast
Shreyas Iyer,SS Iyer,Iyer,"https://img1.hscicdn.com/image/upload/f_auto,t_ds_square_w_640,q_50/lsci/db/PICTURES/CMS/323000/323035.png",1994-12-06,right-hand bat,right-arm offbreak
Vaibhav Arora,VG Arora,Arora,"https://img1.hscicdn.com/image/upload/f_auto,t_ds_square_w_640,q_50/lsci/db/PICTURES/CMS/357000/357019.1.png",1997-12-14,right-hand bat,right-arm fast-medium
Srikar Bharat,KS Bharat,Bharat,"https://img1.hscicdn.com/image/upload/f_auto,t_ds_square_w_640,q_50/lsci/db/PICTURES/CMS/354100/354136.png",1993-10-03,right-hand bat,Na
Dushmantha Chameera,PVD Chameera,Chameera,"https://img1.hscicdn.com/image/upload/f_auto,t_ds_square_w_640,q_50/lsci/db/PICTURES/CMS/319800/319862.png",1992-01-11,right-hand bat,right-arm fast
AM Ghazanfar,AM Ghazanfar,Ghazanfar,"https://img1.hscicdn.com/image/upload/f_auto,t_ds_square_w_640,q_50/lsciNone",2007-07-15,right-hand bat,right-arm offbreak
Harshit Rana,Harshit Rana,Harshit Rana,"https://img1.hscicdn.com/image/upload/f_auto,t_ds_square_w_640,q_50/lsci/db/PICTURES/CMS/358000/358042.png",2001-12-22,right-hand bat,right-arm fast
Venkatesh Iyer,VR Iyer,Iyer,"https://img1.hscicdn.com/image/upload/f_auto,t_ds_square_w_640,q_50/lsci/db/PICTURES/CMS/337100/337187.png",1994-12-25,left-hand bat,right-arm medium
Sunil Narine,SP Narine,Narine,"https://img1.hscicdn.com/image/upload/f_auto,t_ds_square_w_640,q_50/lsci/db/PICTURES/CMS/320100/320119.png",1988-05-26,left-hand bat,right-arm offbreak
Manish Pandey,MK Pandey,Pandey,"https://img1.hscicdn.com/image/upload/f_auto,t_ds_square_w_640,q_50/lsci/db/PICTURES/CMS/323000/323052.png",1989-09-10,right-hand bat,right-arm medium
Angkrish Raghuvanshi,A Raghuvanshi,Raghuvanshi,"https://img1.hscicdn.com/image/upload/f_auto,t_ds_square_w_640,q_50/lsci/db/PICTURES/CMS/345000/345093.png",2005-06-05,right-hand bat,slow left-arm orthodox
Rahmanullah Gurbaz,Rahmanullah Gurbaz,Rahmanullah Gurbaz,"https://img1.hscicdn.com/image/upload/f_auto,t_ds_square_w_640,q_50/lsci/db/PICTURES/CMS/320500/320504.png",2001-11-28,right-hand bat,Na
Ramandeep Singh,Ramandeep Singh,Ramandeep Singh,"https://img1.hscicdn.com/image/upload/f_auto,t_ds_square_w_640,q_50/lsci/db/PICTURES/CMS/357800/357844.1.png",1997-04-13,right-hand bat,right-arm medium
Nitish Rana,N Rana,Rana,"https://img1.hscicdn.com/image/upload/f_auto,t_ds_square_w_640,q_50/lsci/db/PICTURES/CMS/323000/323054.png",1993-12-27,left-hand bat,right-arm medium
Anukul Roy,AS Roy,Roy,"https://img1.hscicdn.com/image/upload/f_auto,t_ds_square_w_640,q_50/lsci/db/PICTURES/CMS/341000/341041.png",1998-11-30,left-hand bat,slow left-arm orthodox
Andre Russell,AD Russell,Russell,"https://img1.hscicdn.com/image/upload/f_auto,t_ds_square_w_640,q_50/lsci/db/PICTURES/CMS/316600/316615.png",1988-04-29,right-hand bat,right-arm fast
Sherfane Rutherford,SE Rutherford,Rutherford,"https://img1.hscicdn.com/image/upload/f_auto,t_ds_square_w_640,q_50/lsci/db/PICTURES/CMS/322100/322173.png",1998-08-15,left-hand bat,right-arm fast-medium
Chetan Sakariya,C Sakariya,Sakariya,"https://img1.hscicdn.com/image/upload/f_auto,t_ds_square_w_640,q_50/lsci/db/PICTURES/CMS/339100/339148.png",1998-02-28,left-hand bat,left-arm medium-fast
Sakib Hussain,Sakib Hussain,Sakib Hussain,"https://img1.hscicdn.com/image/upload/f_auto,t_ds_square_w_640,q_50/lsciNone",2004-12-14,right-hand bat,right-arm medium
Phil Salt,PD Salt,Salt,"https://img1.hscicdn.com/image/upload/f_auto,t_ds_square_w_640,q_50/lsci/db/PICTURES/CMS/324200/324245.png",1996-08-28,right-hand bat,right-arm offbreak
Rinku Singh,RK Singh,Singh,"https://img1.hscicdn.com/image/upload/f_auto,t_ds_square_w_640,q_50/lsci/db/PICTURES/CMS/341000/341043.png",1997-10-12,left-hand bat,right-arm offbreak
Mitchell Starc,MA Starc,Starc,"https://img1.hscicdn.com/image/upload/f_auto,t_ds_square_w_640,q_50/lsci/db/PICTURES/CMS/316600/316644.png",1990-01-30,left-hand bat,left-arm fast
Suyash Sharma,Suyash Sharma,Suyash Sharma,"https://img1.hscicdn.com/image/upload/f_auto,t_ds_square_w_640,q_50/lsci/db/PICTURES/CMS/358000/358041.png",2003-05-15,right-hand bat,legbreak googly
Varun Chakravarthy,CV Varun,Varun,"https://img1.hscicdn.com/image/upload/f_auto,t_ds_square_w_640,q_50/lsci/db/PICTURES/CMS/331100/331167.png",1991-08-29,right-hand bat,legbreak googly
Gus Atkinson,AAP Atkinson,Atkinson,"https://img1.hscicdn.com/image/upload/f_auto,t_ds_square_w_640,q_50/lsci/db/PICTURES/CMS/296200/296215.1.jpg",1998-01-19,right-hand bat,right-arm fast-medium
Mujeeb Ur Rahman,Mujeeb Ur Rahman,Mujeeb Ur Rahman,"https://img1.hscicdn.com/image/upload/f_auto,t_ds_square_w_640,q_50/lsci/db/PICTURES/CMS/320500/320501.png",2001-03-28,right-hand bat,right-arm offbreak
Jason Roy,JJ Roy,Roy,"https://img1.hscicdn.com/image/upload/f_auto,t_ds_square_w_640,q_50/lsci/db/PICTURES/CMS/319700/319791.png",1990-07-21,right-hand bat,Na
KL Rahul,KL Rahul,Rahul,"https://img1.hscicdn.com/image/upload/f_auto,t_ds_square_w_640,q_50/lsci/db/PICTURES/CMS/319900/319942.png",1992-04-18,right-hand bat,Na
Arshad Khan,Arshad Khan,Arshad Khan,"https://img1.hscicdn.com/image/upload/f_auto,t_ds_square_w_640,q_50/lsci/db/PICTURES/CMS/378100/378129.1.png",1997-12-20,left-hand bat,left-arm medium
Ayush Badoni,A Badoni,Badoni,"https://img1.hscicdn.com/image/upload/f_auto,t_ds_square_w_640,q_50/lsciNone",1999-12-03,right-hand bat,right-arm offbreak
Quinton de Kock,Q de Kock,de Kock,"https://img1.hscicdn.com/image/upload/f_auto,t_ds_square_w_640,q_50/lsci/db/PICTURES/CMS/316600/316668.png",1992-12-17,left-hand bat,Na
Krishnappa Gowtham,K Gowtham,Gowtham,"https://img1.hscicdn.com/image/upload/f_auto,t_ds_square_w_640,q_50/lsci/db/PICTURES/CMS/356800/356850.1.png",1988-10-20,right-hand bat,right-arm offbreak
Matt Henry,MJ Henry,Henry,"https://img1.hscicdn.com/image/upload/f_auto,t_ds_square_w_640,q_50/lsci/db/PICTURES/CMS/321200/321247.png",1991-12-14,right-hand bat,right-arm fast-medium
Deepak Hooda,DJ Hooda,Hooda,"https://img1.hscicdn.com/image/upload/f_auto,t_ds_square_w_640,q_50/lsci/db/PICTURES/CMS/345000/345083.png",1995-04-19,right-hand bat,right-arm offbreak
Shamar Joseph,S Joseph,Joseph,"https://img1.hscicdn.com/image/upload/f_auto,t_ds_square_w_640,q_50/lsci/db/PICTURES/CMS/373700/373784.1.png",1999-08-31,left-hand bat,right-arm fast
Arshin Kulkarni,AA Kulkarni,Kulkarni,"https://img1.hscicdn.com/image/upload/f_auto,t_ds_square_w_640,q_50/lsci/db/PICTURES/CMS/378100/378126.4.jpg",2005-02-15,right-hand bat,right-arm medium
Prerak Mankad,PN Mankad,Mankad,"https://img1.hscicdn.com/image/upload/f_auto,t_ds_square_w_640,q_50/lsci/db/PICTURES/CMS/378100/378128.1.png",1994-04-23,right-hand bat,right-arm medium
Kyle Mayers,KR Mayers,Mayers,"https://img1.hscicdn.com/image/upload/f_auto,t_ds_square_w_640,q_50/lsci/db/PICTURES/CMS/322000/322024.png",1992-09-08,left-hand bat,right-arm medium
Amit Mishra,A Mishra,Mishra,"https://img1.hscicdn.com/image/upload/f_auto,t_ds_square_w_640,q_50/lsci/db/PICTURES/CMS/323000/323053.png",1982-11-24,right-hand bat,legbreak
Mohsin Khan,Mohsin Khan,Mohsin Khan,"https://img1.hscicdn.com/image/upload/f_auto,t_ds_square_w_640,q_50/lsci/db/PICTURES/CMS/359700/359759.png",1998-07-15,left-hand bat,left-arm medium-fast
Naveen-ul-Haq,Naveen-ul-Haq,Naveen-ul-Haq,"https://img1.hscicdn.com/image/upload/f_auto,t_ds_square_w_640,q_50/lsci/db/PICTURES/CMS/320500/320502.png",1999-09-23,right-hand bat,right-arm medium-fast
Devdutt Padikkal,D Padikkal,Padikkal,"https://img1.hscicdn.com/image/upload/f_auto,t_ds_square_w_640,q_50/lsci/db/PICTURES/CMS/322200/322229.png",2000-07-07,left-hand bat,right-arm offbreak
Krunal Pandya,KH Pandya,Pandya,"https://img1.hscicdn.com/image/upload/f_auto,t_ds_square_w_640,q_50/lsci/db/PICTURES/CMS/322600/322614.png",1991-03-24,left-hand bat,slow left-arm orthodox
Nicholas Pooran,N Pooran,Pooran,"https://img1.hscicdn.com/image/upload/f_auto,t_ds_square_w_640,q_50/lsci/db/PICTURES/CMS/320100/320109.png",1995-10-02,left-hand bat,right-arm offbreak
Ravi Bishnoi,Ravi Bishnoi,Ravi Bishnoi,"https://img1.hscicdn.com/image/upload/f_auto,t_ds_square_w_640,q_50/lsci/db/PICTURES/CMS/337100/337188.png",2000-09-05,right-hand bat,legbreak googly
Manimaran Siddharth,M Siddharth,Siddharth,"https://img1.hscicdn.com/image/upload/f_auto,t_ds_square_w_640,q_50/lsci/db/PICTURES/CMS/331000/331042.png",1998-07-03,right-hand bat,slow left-arm orthodox
Marcus Stoinis,MP Stoinis,Stoinis,"https://img1.hscicdn.com/image/upload/f_auto,t_ds_square_w_640,q_50/lsci/db/PICTURES/CMS/321500/321596.png",1989-08-16,right-hand bat,right-arm medium
Ashton Turner,AJ Turner,Turner,"https://img1.hscicdn.com/image/upload/f_auto,t_ds_square_w_640,q_50/lsci/db/PICTURES/CMS/321500/321560.png",1993-01-25,right-hand bat,right-arm offbreak
Mayank Yadav,MP Yadav,Yadav,"https://img1.hscicdn.com/image/upload/f_auto,t_ds_square_w_640,q_50/lsci/db/PICTURES/CMS/373900/373904.png",2002-06-17,right-hand bat,right-arm fast
Yash Thakur,Yash Thakur,Yash Thakur,"https://img1.hscicdn.com/image/upload/f_auto,t_ds_square_w_640,q_50/lsci/db/PICTURES/CMS/356700/356790.1.png",1998-12-28,right-hand bat,right-arm fast-medium
Yudhvir Singh,Yudhvir Singh,Yudhvir Singh,"https://img1.hscicdn.com/image/upload/f_auto,t_ds_square_w_640,q_50/lsci/db/PICTURES/CMS/314700/314789.jpg",1997-09-13,right-hand bat,right-arm medium-fast
Shivam Mavi,Shivam Mavi,Shivam Mavi,"https://img1.hscicdn.com/image/upload/f_auto,t_ds_square_w_640,q_50/lsci/db/PICTURES/CMS/341000/341042.png",1998-11-26,right-hand bat,right-arm fast-medium
David Willey,DJ Willey,Willey,"https://img1.hscicdn.com/image/upload/f_auto,t_ds_square_w_640,q_50/lsci/db/PICTURES/CMS/322900/322904.png",1990-02-28,left-hand bat,left-arm fast-medium
Mark Wood,MA Wood,Wood,"https://img1.hscicdn.com/image/upload/f_auto,t_ds_square_w_640,q_50/lsci/db/PICTURES/CMS/316600/316660.png",1990-01-11,right-hand bat,right-arm fast
Hardik Pandya,HH Pandya,Pandya,"https://img1.hscicdn.com/image/upload/f_auto,t_ds_square_w_640,q_50/lsci/db/PICTURES/CMS/319900/319938.png",1993-10-11,right-hand bat,right-arm medium-fast
Dewald Brevis,D Brevis,Brevis,"https://img1.hscicdn.com/image/upload/f_auto,t_ds_square_w_640,q_50/lsci/db/PICTURES/CMS/335100/335134.png",2003-04-29,right-hand bat,legbreak
Jasprit Bumrah,JJ Bumrah,Bumrah,"https://img1.hscicdn.com/image/upload/f_auto,t_ds_square_w_640,q_50/lsci/db/PICTURES/CMS/319900/319940.png",1993-12-06,right-hand bat,right-arm fast
Piyush Chawla,PP Chawla,Chawla,"https://img1.hscicdn.com/image/upload/f_auto,t_ds_square_w_640,q_50/lsci/db/PICTURES/CMS/322200/322272.png",1988-12-24,left-hand bat,legbreak
Gerald Coetzee,G Coetzee,Coetzee,"https://img1.hscicdn.com/image/upload/f_auto,t_ds_square_w_640,q_50/lsci/db/PICTURES/CMS/348500/348579.png",2000-10-02,right-hand bat,right-arm fast
Tim David,TH David,David,"https://img1.hscicdn.com/image/upload/f_auto,t_ds_square_w_640,q_50/lsci/db/PICTURES/CMS/340300/340305.png",1996-03-16,right-hand bat,right-arm offbreak
Harvik Desai,HM Desai,Desai,"https://img1.hscicdn.com/image/upload/f_auto,t_ds_square_w_640,q_50/lsci/db/PICTURES/CMS/271800/271897.jpg",1999-10-04,right-hand bat,Na
Shreyas Gopal,S Gopal,Gopal,"https://img1.hscicdn.com/image/upload/f_auto,t_ds_square_w_640,q_50/lsci/db/PICTURES/CMS/322200/322275.png",1993-09-04,right-hand bat,legbreak
Ishan Kishan,Ishan Kishan,Ishan Kishan,"https://img1.hscicdn.com/image/upload/f_auto,t_ds_square_w_640,q_50/lsci/db/PICTURES/CMS/331100/331165.png",1998-07-18,left-hand bat,Na
Anshul Kamboj,A Kamboj,Kamboj,"https://img1.hscicdn.com/image/upload/f_auto,t_ds_square_w_640,q_50/lsciNone",2000-12-06,right-hand bat,right-arm medium
Kumar Kartikeya,K Kartikeya,Kartikeya,"https://img1.hscicdn.com/image/upload/f_auto,t_ds_square_w_640,q_50/lsci/db/PICTURES/CMS/359700/359773.png",1997-12-26,right-hand bat,slow left-arm orthodox
Akash Madhwal,A Madhwal,Madhwal,"https://img1.hscicdn.com/image/upload/f_auto,t_ds_square_w_640,q_50/lsci/db/PICTURES/CMS/314900/314988.png",1993-11-25,right-hand bat,right-arm medium-fast
Kwena Maphaka,KT Maphaka,Maphaka,"https://img1.hscicdn.com/image/upload/f_auto,t_ds_square_w_640,q_50/lsci/db/PICTURES/CMS/339500/339569.4.jpg",2006-04-08,left-hand bat,left-arm medium
Mohammad Nabi,Mohammad Nabi,Mohammad Nabi,"https://img1.hscicdn.com/image/upload/f_auto,t_ds_square_w_640,q_50/lsci/db/PICTURES/CMS/316500/316558.png",1985-01-01,right-hand bat,right-arm offbreak
Shams Mulani,SZ Mulani,Mulani,"https://img1.hscicdn.com/image/upload/f_auto,t_ds_square_w_640,q_50/lsci/db/PICTURES/CMS/357800/357845.1.png",1997-03-13,left-hand bat,slow left-arm orthodox
Naman Dhir,Naman Dhir,Naman Dhir,"https://img1.hscicdn.com/image/upload/f_auto,t_ds_square_w_640,q_50/lsci/db/PICTURES/CMS/378100/378130.1.png",1999-12-31,right-hand bat,right-arm offbreak
Shivalik Sharma,SS Sharma,Sharma,"https://img1.hscicdn.com/image/upload/f_auto,t_ds_square_w_640,q_50/lsciNone",1998-11-28,left-hand bat,legbreak googly
Rohit Sharma,RG Sharma,Sharma,"https://img1.hscicdn.com/image/upload/f_auto,t_ds_square_w_640,q_50/lsci/db/PICTURES/CMS/316500/316584.png",1987-04-30,right-hand bat,right-arm offbreak
Romario Shepherd,R Shepherd,Shepherd,"https://img1.hscicdn.com/image/upload/f_auto,t_ds_square_w_640,q_50/lsci/db/PICTURES/CMS/322000/322037.png",1994-11-26,right-hand bat,right-arm fast-medium
Arjun Tendulkar,AS Tendulkar,Tendulkar,"https://img1.hscicdn.com/image/upload/f_auto,t_ds_square_w_640,q_50/lsci/db/PICTURES/CMS/359700/359770.png",1999-09-24,left-hand bat,left-arm medium-fast
Nuwan Thushara,N Thushara,Thushara,"https://img1.hscicdn.com/image/upload/f_auto,t_ds_square_w_640,q_50/lsci/db/PICTURES/CMS/343400/343442.gif",1994-08-06,right-hand bat,right-arm medium-fast
Tilak Varma,NT Tilak Varma,Tilak Varma,"https://img1.hscicdn.com/image/upload/f_auto,t_ds_square_w_640,q_50/lsci/db/PICTURES/CMS/314700/314790.jpg",2002-11-08,left-hand bat,right-arm offbreak
Nehal Wadhera,N Wadhera,Wadhera,"https://img1.hscicdn.com/image/upload/f_auto,t_ds_square_w_640,q_50/lsci/db/PICTURES/CMS/357800/357843.1.png",2000-09-04,left-hand bat,legbreak
Luke Wood,L Wood,Wood,"https://img1.hscicdn.com/image/upload/f_auto,t_ds_square_w_640,q_50/lsci/db/PICTURES/CMS/324300/324367.png",1995-08-02,left-hand bat,left-arm fast-medium
Suryakumar Yadav,SA Yadav,Yadav,"https://img1.hscicdn.com/image/upload/f_auto,t_ds_square_w_640,q_50/lsci/db/PICTURES/CMS/331100/331163.png",1990-09-14,right-hand bat,right-arm medium
Jason Behrendorff,JP Behrendorff,Behrendorff,"https://img1.hscicdn.com/image/upload/f_auto,t_ds_square_w_640,q_50/lsci/db/PICTURES/CMS/321500/321589.png",1990-04-20,right-hand bat,left-arm fast-medium
Dilshan Madushanka,D Madushanka,Madushanka,"https://img1.hscicdn.com/image/upload/f_auto,t_ds_square_w_640,q_50/lsci/db/PICTURES/CMS/348600/348600.png",2000-09-18,right-hand bat,left-arm fast-medium
Vishnu Vinod,Vishnu Vinod,Vishnu Vinod,"https://img1.hscicdn.com/image/upload/f_auto,t_ds_square_w_640,q_50/lsci/db/PICTURES/CMS/359700/359774.png",1993-12-02,right-hand bat,Na
Shikhar Dhawan,S Dhawan,Dhawan,"https://img1.hscicdn.com/image/upload/f_auto,t_ds_square_w_640,q_50/lsci/db/PICTURES/CMS/316500/316524.png",1985-12-05,left-hand bat,right-arm offbreak
Arshdeep Singh,Arshdeep Singh,Arshdeep Singh,"https://img1.hscicdn.com/image/upload/f_auto,t_ds_square_w_640,q_50/lsci/db/PICTURES/CMS/322100/322178.png",1999-02-05,left-hand bat,left-arm medium-fast
Jonny Bairstow,JM Bairstow,Bairstow,"https://img1.hscicdn.com/image/upload/f_auto,t_ds_square_w_640,q_50/lsci/db/PICTURES/CMS/319700/319794.png",1989-09-26,right-hand bat,right-arm medium
Rahul Chahar,RD Chahar,Chahar,"https://img1.hscicdn.com/image/upload/f_auto,t_ds_square_w_640,q_50/lsci/db/PICTURES/CMS/331100/331166.png",1999-08-04,right-hand bat,legbreak googly
Sam Curran,SM Curran,Curran,"https://img1.hscicdn.com/image/upload/f_auto,t_ds_square_w_640,q_50/lsci/db/PICTURES/CMS/323100/323113.png",1998-06-03,left-hand bat,left-arm medium-fast
Rishi Dhawan,R Dhawan,Dhawan,"https://img1.hscicdn.com/image/upload/f_auto,t_ds_square_w_640,q_50/lsci/db/PICTURES/CMS/322600/322604.png",1990-02-19,right-hand bat,right-arm medium-fast
Nathan Ellis,NT Ellis,Ellis,"https://img1.hscicdn.com/image/upload/f_auto,t_ds_square_w_640,q_50/lsci/db/PICTURES/CMS/329700/329711.png",1994-09-22,right-hand bat,right-arm fast-medium
Harpreet Brar,Harpreet Brar,Harpreet Brar,"https://img1.hscicdn.com/image/upload/f_auto,t_ds_square_w_640,q_50/lsci/db/PICTURES/CMS/358000/358045.png",1995-09-16,left-hand bat,slow left-arm orthodox
Harpreet Singh,Harpreet Singh,Harpreet Singh,"https://img1.hscicdn.com/image/upload/f_auto,t_ds_square_w_640,q_50/lsci/db/PICTURES/CMS/314900/314906.jpg",1991-08-11,left-hand bat,right-arm medium
Vidwath Kaverappa,V Kaverappa,Kaverappa,"https://img1.hscicdn.com/image/upload/f_auto,t_ds_square_w_640,q_50/lsci/db/PICTURES/CMS/378100/378123.1.png",1999-02-25,right-hand bat,right-arm fast-medium
Liam Livingstone,LS Livingstone,Livingstone,"https://img1.hscicdn.com/image/upload/f_auto,t_ds_square_w_640,q_50/lsci/db/PICTURES/CMS/323100/323103.png",1993-08-04,right-hand bat,right-arm offbreak
Harshal Patel,HV Patel,Patel,"https://img1.hscicdn.com/image/upload/f_auto,t_ds_square_w_640,q_50/lsci/db/PICTURES/CMS/322200/322276.png",1990-11-23,right-hand bat,right-arm medium
Prabhsimran Singh,Prabhsimran Singh,Prabhsimran Singh,"https://img1.hscicdn.com/image/upload/f_auto,t_ds_square_w_640,q_50/lsci/db/PICTURES/CMS/358000/358040.png",2000-08-10,right-hand bat,Na
Prince Choudhary,Prince Choudhary,Prince Choudhary,"https://img1.hscicdn.com/image/upload/f_auto,t_ds_square_w_640,q_50/lsciNone",1999-09-29,right-hand bat,legbreak
Kagiso Rabada,K Rabada,Rabada,"https://img1.hscicdn.com/image/upload/f_auto,t_ds_square_w_640,q_50/lsci/db/PICTURES/CMS/320300/320376.png",1995-05-25,left-hand bat,right-arm fast
Rilee Rossouw,RR Rossouw,Rossouw,"https://img1.hscicdn.com/image/upload/f_auto,t_ds_square_w_640,q_50/lsci/db/PICTURES/CMS/316600/316651.png",1989-10-09,left-hand bat,right-arm offbreak
Ashutosh Sharma,AR Sharma,Sharma,"https://img1.hscicdn.com/image/upload/f_auto,t_ds_square_w_640,q_50/lsci/db/PICTURES/CMS/378100/378124.1.png",1998-09-15,right-hand bat,Na
Jitesh Sharma,JM Sharma,Sharma,"https://img1.hscicdn.com/image/upload/f_auto,t_ds_square_w_640,q_50/lsci/db/PICTURES/CMS/378100/378121.1.png",1993-10-22,right-hand bat,Na
Shashank Singh,Shashank Singh,Shashank Singh,"https://img1.hscicdn.com/image/upload/f_auto,t_ds_square_w_640,q_50/lsci/db/PICTURES/CMS/314900/314914.jpg",1991-11-21,right-hand bat,right-arm medium
Shivam Singh,Shivam Singh,Shivam Singh,"https://img1.hscicdn.com/image/upload/f_auto,t_ds_square_w_640,q_50/lsci/db/PICTURES/CMS/362300/362381.4.jpg",1995-11-25,right-hand bat,right-arm offbreak
Sikandar Raza,Sikandar Raza,Sikandar Raza,"https://img1.hscicdn.com/image/upload/f_auto,t_ds_square_w_640,q_50/lsci/db/PICTURES/CMS/316600/316632.png",1986-04-24,right-hand bat,right-arm offbreak
Vishwanath Singh,VP Singh,Singh,"https://img1.hscicdn.com/image/upload/f_auto,t_ds_square_w_640,q_50/lsciNone",1998-06-18,right-hand bat,right-arm offbreak
Atharva Taide,A Taide,Taide,"https://img1.hscicdn.com/image/upload/f_auto,t_ds_square_w_640,q_50/lsci/db/PICTURES/CMS/358000/358044.png",2000-04-26,left-hand bat,slow left-arm orthodox
Tanay Thyagarajan,T Thyagarajan,Thyagarajan,"https://img1.hscicdn.com/image/upload/f_auto,t_ds_square_w_640,q_50/lsci/db/PICTURES/CMS/314700/314792.jpg",1995-11-15,left-hand bat,slow left-arm orthodox
Chris Woakes,CR Woakes,Woakes,"https://img1.hscicdn.com/image/upload/f_auto,t_ds_square_w_640,q_50/lsci/db/PICTURES/CMS/316600/316603.png",1989-03-02,right-hand bat,right-arm fast-medium
Sanju Samson,SV Samson,Samson,"https://img1.hscicdn.com/image/upload/f_auto,t_ds_square_w_640,q_50/lsci/db/PICTURES/CMS/322700/322701.png",1994-11-11,right-hand bat,Na
Abid Mushtaq,Abid Mushtaq,Abid Mushtaq,"https://img1.hscicdn.com/image/upload/f_auto,t_ds_square_w_640,q_50/lsciNone",1997-01-17,left-hand bat,slow left-arm orthodox
Ravichandran Ashwin,R Ashwin,Ashwin,"https://img1.hscicdn.com/image/upload/f_auto,t_ds_square_w_640,q_50/lsci/db/PICTURES/CMS/316500/316521.png",1986-09-17,right-hand bat,right-arm offbreak
Avesh Khan,Avesh Khan,Avesh Khan,"https://img1.hscicdn.com/image/upload/f_auto,t_ds_square_w_640,q_50/lsci/db/PICTURES/CMS/322200/322244.png",1996-12-13,right-hand bat,right-arm fast-medium
Trent Boult,TA Boult,Boult,"https://img1.hscicdn.com/image/upload/f_auto,t_ds_square_w_640,q_50/lsci/db/PICTURES/CMS/316600/316619.png",1989-07-22,right-hand bat,left-arm fast-medium
Nandre Burger,N Burger,Burger,"https://img1.hscicdn.com/image/upload/f_auto,t_ds_square_w_640,q_50/lsci/db/PICTURES/CMS/297500/297549.1.jpg",1995-08-11,left-hand bat,left-arm fast-medium
Jos Buttler,JC Buttler,Buttler,"https://img1.hscicdn.com/image/upload/f_auto,t_ds_square_w_640,q_50/lsci/db/PICTURES/CMS/316600/316642.png",1990-09-08,right-hand bat,Na
Yuzvendra Chahal,YS Chahal,Chahal,"https://img1.hscicdn.com/image/upload/f_auto,t_ds_square_w_640,q_50/lsci/db/PICTURES/CMS/319900/319955.png",1990-07-23,right-hand bat,legbreak googly
Shubham Dubey,SB Dubey,Dubey,"https://img1.hscicdn.com/image/upload/f_auto,t_ds_square_w_640,q_50/lsciNone",1994-08-27,left-hand bat,right-arm offbreak
Donovan Ferreira,D Ferreira,Ferreira,"https://img1.hscicdn.com/image/upload/f_auto,t_ds_square_w_640,q_50/lsci/db/PICTURES/CMS/356800/356889.1.png",1998-07-21,right-hand bat,right-arm offbreak
Shimron Hetmyer,SO Hetmyer,Hetmyer,"https://img1.hscicdn.com/image/upload/f_auto,t_ds_square_w_640,q_50/lsci/db/PICTURES/CMS/320100/320116.png",1996-12-26,left-hand bat,Na
Yashasvi Jaiswal,YBK Jaiswal,Jaiswal,"https://img1.hscicdn.com/image/upload/f_auto,t_ds_square_w_640,q_50/lsci/db/PICTURES/CMS/340300/340309.png",2001-12-28,left-hand bat,legbreak
Dhruv Jurel,DC Jurel,Jurel,"https://img1.hscicdn.com/image/upload/f_auto,t_ds_square_w_640,q_50/lsci/db/PICTURES/CMS/340300/340310.png",2001-01-21,right-hand bat,Na
Tom Kohler-Cadmore,T Kohler-Cadmore,Kohler-Cadmore,"https://img1.hscicdn.com/image/upload/f_auto,t_ds_square_w_640,q_50/lsci/db/PICTURES/CMS/325900/325917.png",1994-08-19,right-hand bat,right-arm offbreak
Tanush Kotian,TK Kotian,Kotian,"https://img1.hscicdn.com/image/upload/f_auto,t_ds_square_w_640,q_50/lsci/db/PICTURES/CMS/378100/378132.1.png",1998-10-16,right-hand bat,right-arm offbreak
Keshav Maharaj,KA Maharaj,Maharaj,"https://img1.hscicdn.com/image/upload/f_auto,t_ds_square_w_640,q_50/lsci/db/PICTURES/CMS/322000/322072.png",1990-02-07,right-hand bat,slow left-arm orthodox
Riyan Parag,R Parag,Parag,"https://img1.hscicdn.com/image/upload/f_auto,t_ds_square_w_640,q_50/lsci/db/PICTURES/CMS/370900/370935.png",2001-11-10,right-hand bat,legbreak
Rovman Powell,R Powell,Powell,"https://img1.hscicdn.com/image/upload/f_auto,t_ds_square_w_640,q_50/lsci/db/PICTURES/CMS/322100/322172.png",1993-07-23,right-hand bat,right-arm medium-fast
Kunal Singh Rathore,KS Rathore,Rathore,"https://img1.hscicdn.com/image/upload/f_auto,t_ds_square_w_640,q_50/lsciNone",2002-10-09,left-hand bat,Na
Navdeep Saini,NA Saini,Saini,"https://img1.hscicdn.com/image/upload/f_auto,t_ds_square_w_640,q_50/lsci/db/PICTURES/CMS/322700/322702.png",1992-11-23,right-hand bat,right-arm fast
Sandeep Sharma,Sandeep Sharma,Sandeep Sharma,"https://img1.hscicdn.com/image/upload/f_auto,t_ds_square_w_640,q_50/lsci/db/PICTURES/CMS/323000/323055.png",1993-05-18,right-hand bat,right-arm medium
Kuldeep Sen,KR Sen,Sen,"https://img1.hscicdn.com/image/upload/f_auto,t_ds_square_w_640,q_50/lsci/db/PICTURES/CMS/378100/378133.1.png",1996-10-22,right-hand bat,right-arm fast
Prasidh Krishna,M Prasidh Krishna,Prasidh Krishna,"https://img1.hscicdn.com/image/upload/f_auto,t_ds_square_w_640,q_50/lsci/db/PICTURES/CMS/322600/322617.png",1996-02-19,right-hand bat,right-arm fast-medium
Adam Zampa,A Zampa,Zampa,"https://img1.hscicdn.com/image/upload/f_auto,t_ds_square_w_640,q_50/lsci/db/PICTURES/CMS/321500/321549.png",1992-03-31,right-hand bat,legbreak googly
Faf du Plessis,F du Plessis,du Plessis,"https://img1.hscicdn.com/image/upload/f_auto,t_ds_square_w_640,q_50/lsci/db/PICTURES/CMS/316500/316559.png",1984-07-13,right-hand bat,legbreak
Akash Deep,Akash Deep,Akash Deep,"https://img1.hscicdn.com/image/upload/f_auto,t_ds_square_w_640,q_50/lsci/db/PICTURES/CMS/340300/340311.png",1996-12-15,right-hand bat,right-arm fast-medium
Anuj Rawat,Anuj Rawat,Anuj Rawat,"https://img1.hscicdn.com/image/upload/f_auto,t_ds_square_w_640,q_50/lsci/db/PICTURES/CMS/359700/359757.png",1999-10-17,left-hand bat,Na
Manoj Bhandage,MS Bhandage,Bhandage,"https://img1.hscicdn.com/image/upload/f_auto,t_ds_square_w_640,q_50/lsci/db/PICTURES/CMS/359700/359766.png",1998-10-05,left-hand bat,right-arm medium-fast
Saurav Chauhan,SD Chauhan,Chauhan,"https://img1.hscicdn.com/image/upload/f_auto,t_ds_square_w_640,q_50/lsciNone",2000-05-27,left-hand bat,right-arm offbreak
Tom Curran,TK Curran,Curran,"https://img1.hscicdn.com/image/upload/f_auto,t_ds_square_w_640,q_50/lsci/db/PICTURES/CMS/323100/323112.png",1995-03-12,right-hand bat,right-arm fast-medium
Mayank Dagar,MJ Dagar,Dagar,"https://img1.hscicdn.com/image/upload/f_auto,t_ds_square_w_640,q_50/lsci/db/PICTURES/CMS/356800/356822.1.png",1996-11-11,right-hand bat,slow left-arm orthodox
Lockie Ferguson,LH Ferguson,Ferguson,"https://img1.hscicdn.com/image/upload/f_auto,t_ds_square_w_640,q_50/lsci/db/PICTURES/CMS/321200/321239.png",1991-06-13,right-hand bat,right-arm fast
Cameron Green,C Green,Green,"https://img1.hscicdn.com/image/upload/f_auto,t_ds_square_w_640,q_50/lsci/db/PICTURES/CMS/321500/321569.png",1999-06-03,right-hand bat,right-arm fast-medium
Will Jacks,WG Jacks,Jacks,"https://img1.hscicdn.com/image/upload/f_auto,t_ds_square_w_640,q_50/lsci/db/PICTURES/CMS/324300/324373.png",1998-11-21,right-hand bat,right-arm offbreak
Alzarri Joseph,AS Joseph,Joseph,"https://img1.hscicdn.com/image/upload/f_auto,t_ds_square_w_640,q_50/lsci/db/PICTURES/CMS/321900/321943.png",1996-11-20,right-hand bat,right-arm fast
Dinesh Karthik,KD Karthik,Karthik,"https://img1.hscicdn.com/image/upload/f_auto,t_ds_square_w_640,q_50/lsci/db/PICTURES/CMS/319900/319934.png",1985-06-01,right-hand bat,right-arm offbreak
Virat Kohli,V Kohli,Kohli,"https://img1.hscicdn.com/image/upload/f_auto,t_ds_square_w_640,q_50/lsci/db/PICTURES/CMS/316600/316605.png",1988-11-05,right-hand bat,right-arm medium
Mahipal Lomror,MK Lomror,Lomror,"https://img1.hscicdn.com/image/upload/f_auto,t_ds_square_w_640,q_50/lsci/db/PICTURES/CMS/315000/315015.jpg",1999-11-16,left-hand bat,slow left-arm orthodox
Glenn Maxwell,GJ Maxwell,Maxwell,"https://img1.hscicdn.com/image/upload/f_auto,t_ds_square_w_640,q_50/lsci/db/PICTURES/CMS/316600/316657.png",1988-10-14,right-hand bat,right-arm offbreak
Mohammed Siraj,Mohammed Siraj,Mohammed Siraj,"https://img1.hscicdn.com/image/upload/f_auto,t_ds_square_w_640,q_50/lsci/db/PICTURES/CMS/322600/322611.png",1994-03-13,right-hand bat,right-arm fast
Rajat Patidar,RM Patidar,Patidar,"https://img1.hscicdn.com/image/upload/f_auto,t_ds_square_w_640,q_50/lsci/db/PICTURES/CMS/378000/378081.1.png",1993-06-01,right-hand bat,right-arm offbreak
Suyash Prabhudessai,SS Prabhudessai,Prabhudessai,"https://img1.hscicdn.com/image/upload/f_auto,t_ds_square_w_640,q_50/lsci/db/PICTURES/CMS/359700/359758.png",1997-12-06,right-hand bat,right-arm medium
Rajan Kumar,Rajan Kumar,Rajan Kumar,"https://img1.hscicdn.com/image/upload/f_auto,t_ds_square_w_640,q_50/lsci/db/PICTURES/CMS/359700/359762.png",1996-07-08,left-hand bat,left-arm medium-fast
Himanshu Sharma,H Sharma,Sharma,"https://img1.hscicdn.com/image/upload/f_auto,t_ds_square_w_640,q_50/lsci/db/PICTURES/CMS/357600/357624.4.jpg",1998-06-06,right-hand bat,legbreak
Karn Sharma,KV Sharma,Sharma,"https://img1.hscicdn.com/image/upload/f_auto,t_ds_square_w_640,q_50/lsci/db/PICTURES/CMS/324200/324221.png",1987-10-23,left-hand bat,legbreak googly
Swapnil Singh,Swapnil Singh,Swapnil Singh,"https://img1.hscicdn.com/image/upload/f_auto,t_ds_square_w_640,q_50/lsci/db/PICTURES/CMS/358000/358047.png",1991-01-22,right-hand bat,slow left-arm orthodox
Reece Topley,RJW Topley,Topley,"https://img1.hscicdn.com/image/upload/f_auto,t_ds_square_w_640,q_50/lsci/db/PICTURES/CMS/322900/322910.png",1994-02-21,right-hand bat,left-arm fast-medium
Vijaykumar Vyshak,V Vyshak,Vyshak,"https://img1.hscicdn.com/image/upload/f_auto,t_ds_square_w_640,q_50/lsci/db/PICTURES/CMS/378000/378096.1.png",1997-01-31,right-hand bat,right-arm medium
Yash Dayal,Yash Dayal,Yash Dayal,"https://img1.hscicdn.com/image/upload/f_auto,t_ds_square_w_640,q_50/lsci/db/PICTURES/CMS/357400/357416.2.jpg",1997-12-13,right-hand bat,left-arm medium-fast
Pat Cummins,PJ Cummins,Cummins,"https://img1.hscicdn.com/image/upload/f_auto,t_ds_square_w_640,q_50/lsci/db/PICTURES/CMS/316600/316692.png",1993-05-08,right-hand bat,right-arm fast
Abdul Samad,Abdul Samad,Abdul Samad,"https://img1.hscicdn.com/image/upload/f_auto,t_ds_square_w_640,q_50/lsci/db/PICTURES/CMS/339100/339145.png",2001-10-28,right-hand bat,legbreak
Abhishek Sharma,Abhishek Sharma,Abhishek Sharma,"https://img1.hscicdn.com/image/upload/f_auto,t_ds_square_w_640,q_50/lsci/db/PICTURES/CMS/358000/358037.png",2000-09-04,left-hand bat,slow left-arm orthodox
Mayank Agarwal,MA Agarwal,Agarwal,"https://img1.hscicdn.com/image/upload/f_auto,t_ds_square_w_640,q_50/lsci/db/PICTURES/CMS/322600/322626.png",1991-02-16,right-hand bat,right-arm offbreak
Akash Singh,Akash Singh,Akash Singh,"https://img1.hscicdn.com/image/upload/f_auto,t_ds_square_w_640,q_50/lsci/db/PICTURES/CMS/315000/315007.jpg",2002-04-26,right-hand bat,left-arm medium-fast
Anmolpreet Singh,Anmolpreet Singh,Anmolpreet Singh,"https://img1.hscicdn.com/image/upload/f_auto,t_ds_square_w_640,q_50/lsci/db/PICTURES/CMS/358000/358038.png",1998-03-28,right-hand bat,right-arm offbreak
Fazalhaq Farooqi,Fazalhaq Farooqi,Fazalhaq Farooqi,"https://img1.hscicdn.com/image/upload/f_auto,t_ds_square_w_640,q_50/lsci/db/PICTURES/CMS/345000/345077.png",2000-09-22,right-hand bat,left-arm fast-medium
Travis Head,TM Head,Head,"https://img1.hscicdn.com/image/upload/f_auto,t_ds_square_w_640,q_50/lsci/db/PICTURES/CMS/321500/321584.png",1993-12-29,left-hand bat,right-arm offbreak
Marco Jansen,M Jansen,Jansen,"https://img1.hscicdn.com/image/upload/f_auto,t_ds_square_w_640,q_50/lsci/db/PICTURES/CMS/337100/337189.png",2000-05-01,right-hand bat,left-arm medium-fast
Heinrich Klaasen,H Klaasen,Klaasen,"https://img1.hscicdn.com/image/upload/f_auto,t_ds_square_w_640,q_50/lsci/db/PICTURES/CMS/322000/322073.png",1991-07-30,right-hand bat,right-arm offbreak
Bhuvneshwar Kumar,B Kumar,Kumar,"https://img1.hscicdn.com/image/upload/f_auto,t_ds_square_w_640,q_50/lsci/db/PICTURES/CMS/316600/316658.png",1990-02-05,right-hand bat,right-arm medium
Mayank Markande,M Markande,Markande,"https://img1.hscicdn.com/image/upload/f_auto,t_ds_square_w_640,q_50/lsci/db/PICTURES/CMS/355400/355403.png",1997-11-11,right-hand bat,legbreak
Aiden Markram,AK Markram,Markram,"https://img1.hscicdn.com/image/upload/f_auto,t_ds_square_w_640,q_50/lsci/db/PICTURES/CMS/322000/322067.png",1994-10-04,right-hand bat,right-arm offbreak
T Natarajan,T Natarajan,Natarajan,"https://img1.hscicdn.com/image/upload/f_auto,t_ds_square_w_640,q_50/lsci/db/PICTURES/CMS/322600/322699.png",1991-04-04,left-hand bat,left-arm medium
Nitish Kumar Reddy,K Nitish Kumar Reddy,Nitish Kumar Reddy,"https://img1.hscicdn.com/image/upload/f_auto,t_ds_square_w_640,q_50/lsci/db/PICTURES/CMS/314800/314899.png",2003-05-26,right-hand bat,right-arm medium-fast
Glenn Phillips,GD Phillips,Phillips,"https://img1.hscicdn.com/image/upload/f_auto,t_ds_square_w_640,q_50/lsci/db/PICTURES/CMS/321200/321223.png",1996-12-06,right-hand bat,right-arm offbreak
Sanvir Singh,Sanvir Singh,Sanvir Singh,"https://img1.hscicdn.com/image/upload/f_auto,t_ds_square_w_640,q_50/lsci/db/PICTURES/CMS/359700/359765.png",1996-10-12,right-hand bat,right-arm medium
Shahbaz Ahmed,Shahbaz Ahmed,Shahbaz Ahmed,"https://img1.hscicdn.com/image/upload/f_auto,t_ds_square_w_640,q_50/lsci/db/PICTURES/CMS/340300/340313.png",1994-12-11,left-hand bat,slow left-arm orthodox
Jhathavedh Subramanyan,J Subramanyan,Subramanyan,"https://img1.hscicdn.com/image/upload/f_auto,t_ds_square_w_640,q_50/lsci/db/PICTURES/CMS/361800/361882.4.jpg",1999-09-16,right-hand bat,legbreak
Rahul Tripathi,RA Tripathi,Tripathi,"https://img1.hscicdn.com/image/upload/f_auto,t_ds_square_w_640,q_50/lsci/db/PICTURES/CMS/356800/356821.1.png",1991-03-02,right-hand bat,right-arm medium
Umran Malik,Umran Malik,Umran Malik,"https://img1.hscicdn.com/image/upload/f_auto,t_ds_square_w_640,q_50/lsci/db/PICTURES/CMS/343200/343263.png",1999-11-22,right-hand bat,right-arm fast
Jaydev Unadkat,JD Unadkat,Unadkat,"https://img1.hscicdn.com/image/upload/f_auto,t_ds_square_w_640,q_50/lsci/db/PICTURES/CMS/322600/322698.png",1991-10-18,right-hand bat,left-arm medium
Vijayakanth Viyaskanth,V Viyaskanth,Viyaskanth,"https://img1.hscicdn.com/image/upload/f_auto,t_ds_square_w_640,q_50/lsciNone",2001-12-05,right-hand bat,legbreak
Washington Sundar,Washington Sundar,Washington Sundar,"https://img1.hscicdn.com/image/upload/f_auto,t_ds_square_w_640,q_50/lsci/db/PICTURES/CMS/322600/322619.png",1999-10-05,left-hand bat,right-arm offbreak
Upendra Yadav,UD Yadav,Yadav,"https://img1.hscicdn.com/image/upload/f_auto,t_ds_square_w_640,q_50/lsci/db/PICTURES/CMS/378100/378125.1.png",1996-10-08,right-hand bat,right-arm offbreak
Wanindu Hasaranga,PW Hasaranga,Hasaranga,"https://img1.hscicdn.com/image/upload/f_auto,t_ds_square_w_640,q_50/lsci/db/PICTURES/CMS/322900/322946.png",1997-07-29,right-hand bat,legbreak
